{"cameraMode":{"drawMode":0,"name":"Shaded","section":"Shading Mode"},"sceneLighting":false,"audioPlay":false,"sceneViewState":{"showFog":true,"showMaterialUpdate":false,"showSkybox":true,"showFlares":true,"showImageEffects":true,"showParticleSystems":true},"in2DMode":false,"pivot":{"x":0.007854580879211426,"y":2.716843366622925,"z":-0.481502890586853},"rotation":{"x":0.04389104247093201,"y":0.9548842906951904,"z":-0.1814752221107483,"w":0.23094673454761506},"size":12.52428150177002,"orthographic":false}