{"cameraMode":{"drawMode":0,"name":"Shaded","section":"Shading Mode"},"sceneLighting":false,"audioPlay":false,"sceneViewState":{"showFog":true,"showMaterialUpdate":false,"showSkybox":true,"showFlares":true,"showImageEffects":true,"showParticleSystems":true},"in2DMode":false,"pivot":{"x":0.007854580879211426,"y":2.716843366622925,"z":-0.481502890586853},"rotation":{"x":0.10929375141859055,"y":0.8405661582946777,"z":-0.4973805844783783,"w":0.1847052276134491},"size":12.52428150177002,"orthographic":false}